PRAGMA foreign_keys=OFF;
BEGIN TRANSACTION;
CREATE TABLE IF NOT EXISTS "django_migrations" ("id" integer NOT NULL PRIMARY KEY AUTOINCREMENT, "app" varchar(255) NOT NULL, "name" varchar(255) NOT NULL, "applied" datetime NOT NULL);
INSERT INTO django_migrations VALUES(1,'contenttypes','0001_initial','2022-04-03 14:29:16.336113');
INSERT INTO django_migrations VALUES(2,'auth','0001_initial','2022-04-03 14:29:16.367021');
INSERT INTO django_migrations VALUES(3,'admin','0001_initial','2022-04-03 14:29:16.377256');
INSERT INTO django_migrations VALUES(4,'admin','0002_logentry_remove_auto_add','2022-04-03 14:29:16.401392');
INSERT INTO django_migrations VALUES(5,'admin','0003_logentry_add_action_flag_choices','2022-04-03 14:29:16.414276');
INSERT INTO django_migrations VALUES(6,'contenttypes','0002_remove_content_type_name','2022-04-03 14:29:16.446455');
INSERT INTO django_migrations VALUES(7,'auth','0002_alter_permission_name_max_length','2022-04-03 14:29:16.460444');
INSERT INTO django_migrations VALUES(8,'auth','0003_alter_user_email_max_length','2022-04-03 14:29:16.476831');
INSERT INTO django_migrations VALUES(9,'auth','0004_alter_user_username_opts','2022-04-03 14:29:16.488473');
INSERT INTO django_migrations VALUES(10,'auth','0005_alter_user_last_login_null','2022-04-03 14:29:16.500253');
INSERT INTO django_migrations VALUES(11,'auth','0006_require_contenttypes_0002','2022-04-03 14:29:16.502091');
INSERT INTO django_migrations VALUES(12,'auth','0007_alter_validators_add_error_messages','2022-04-03 14:29:16.511843');
INSERT INTO django_migrations VALUES(13,'auth','0008_alter_user_username_max_length','2022-04-03 14:29:16.528238');
INSERT INTO django_migrations VALUES(14,'auth','0009_alter_user_last_name_max_length','2022-04-03 14:29:16.542784');
INSERT INTO django_migrations VALUES(15,'auth','0010_alter_group_name_max_length','2022-04-03 14:29:16.556361');
INSERT INTO django_migrations VALUES(16,'auth','0011_update_proxy_permissions','2022-04-03 14:29:16.565290');
INSERT INTO django_migrations VALUES(17,'auth','0012_alter_user_first_name_max_length','2022-04-03 14:29:16.579802');
INSERT INTO django_migrations VALUES(18,'millionaire_game','0001_initial','2022-04-03 14:29:16.588418');
INSERT INTO django_migrations VALUES(19,'sessions','0001_initial','2022-04-03 14:29:16.595213');
INSERT INTO django_migrations VALUES(20,'millionaire_game','0002_gamesession','2022-04-03 16:11:56.057995');
CREATE TABLE IF NOT EXISTS "auth_group_permissions" ("id" integer NOT NULL PRIMARY KEY AUTOINCREMENT, "group_id" integer NOT NULL REFERENCES "auth_group" ("id") DEFERRABLE INITIALLY DEFERRED, "permission_id" integer NOT NULL REFERENCES "auth_permission" ("id") DEFERRABLE INITIALLY DEFERRED);
CREATE TABLE IF NOT EXISTS "auth_user_groups" ("id" integer NOT NULL PRIMARY KEY AUTOINCREMENT, "user_id" integer NOT NULL REFERENCES "auth_user" ("id") DEFERRABLE INITIALLY DEFERRED, "group_id" integer NOT NULL REFERENCES "auth_group" ("id") DEFERRABLE INITIALLY DEFERRED);
CREATE TABLE IF NOT EXISTS "auth_user_user_permissions" ("id" integer NOT NULL PRIMARY KEY AUTOINCREMENT, "user_id" integer NOT NULL REFERENCES "auth_user" ("id") DEFERRABLE INITIALLY DEFERRED, "permission_id" integer NOT NULL REFERENCES "auth_permission" ("id") DEFERRABLE INITIALLY DEFERRED);
CREATE TABLE IF NOT EXISTS "django_admin_log" ("id" integer NOT NULL PRIMARY KEY AUTOINCREMENT, "action_time" datetime NOT NULL, "object_id" text NULL, "object_repr" varchar(200) NOT NULL, "change_message" text NOT NULL, "content_type_id" integer NULL REFERENCES "django_content_type" ("id") DEFERRABLE INITIALLY DEFERRED, "user_id" integer NOT NULL REFERENCES "auth_user" ("id") DEFERRABLE INITIALLY DEFERRED, "action_flag" smallint unsigned NOT NULL CHECK ("action_flag" >= 0));
CREATE TABLE IF NOT EXISTS "django_content_type" ("id" integer NOT NULL PRIMARY KEY AUTOINCREMENT, "app_label" varchar(100) NOT NULL, "model" varchar(100) NOT NULL);
INSERT INTO django_content_type VALUES(1,'admin','logentry');
INSERT INTO django_content_type VALUES(2,'auth','permission');
INSERT INTO django_content_type VALUES(3,'auth','group');
INSERT INTO django_content_type VALUES(4,'auth','user');
INSERT INTO django_content_type VALUES(5,'contenttypes','contenttype');
INSERT INTO django_content_type VALUES(6,'sessions','session');
INSERT INTO django_content_type VALUES(7,'millionaire_game','question');
INSERT INTO django_content_type VALUES(8,'millionaire_game','answer');
INSERT INTO django_content_type VALUES(9,'millionaire_game','gamesession');
CREATE TABLE IF NOT EXISTS "auth_permission" ("id" integer NOT NULL PRIMARY KEY AUTOINCREMENT, "content_type_id" integer NOT NULL REFERENCES "django_content_type" ("id") DEFERRABLE INITIALLY DEFERRED, "codename" varchar(100) NOT NULL, "name" varchar(255) NOT NULL);
INSERT INTO auth_permission VALUES(1,1,'add_logentry','Can add log entry');
INSERT INTO auth_permission VALUES(2,1,'change_logentry','Can change log entry');
INSERT INTO auth_permission VALUES(3,1,'delete_logentry','Can delete log entry');
INSERT INTO auth_permission VALUES(4,1,'view_logentry','Can view log entry');
INSERT INTO auth_permission VALUES(5,2,'add_permission','Can add permission');
INSERT INTO auth_permission VALUES(6,2,'change_permission','Can change permission');
INSERT INTO auth_permission VALUES(7,2,'delete_permission','Can delete permission');
INSERT INTO auth_permission VALUES(8,2,'view_permission','Can view permission');
INSERT INTO auth_permission VALUES(9,3,'add_group','Can add group');
INSERT INTO auth_permission VALUES(10,3,'change_group','Can change group');
INSERT INTO auth_permission VALUES(11,3,'delete_group','Can delete group');
INSERT INTO auth_permission VALUES(12,3,'view_group','Can view group');
INSERT INTO auth_permission VALUES(13,4,'add_user','Can add user');
INSERT INTO auth_permission VALUES(14,4,'change_user','Can change user');
INSERT INTO auth_permission VALUES(15,4,'delete_user','Can delete user');
INSERT INTO auth_permission VALUES(16,4,'view_user','Can view user');
INSERT INTO auth_permission VALUES(17,5,'add_contenttype','Can add content type');
INSERT INTO auth_permission VALUES(18,5,'change_contenttype','Can change content type');
INSERT INTO auth_permission VALUES(19,5,'delete_contenttype','Can delete content type');
INSERT INTO auth_permission VALUES(20,5,'view_contenttype','Can view content type');
INSERT INTO auth_permission VALUES(21,6,'add_session','Can add session');
INSERT INTO auth_permission VALUES(22,6,'change_session','Can change session');
INSERT INTO auth_permission VALUES(23,6,'delete_session','Can delete session');
INSERT INTO auth_permission VALUES(24,6,'view_session','Can view session');
INSERT INTO auth_permission VALUES(25,7,'add_question','Can add question');
INSERT INTO auth_permission VALUES(26,7,'change_question','Can change question');
INSERT INTO auth_permission VALUES(27,7,'delete_question','Can delete question');
INSERT INTO auth_permission VALUES(28,7,'view_question','Can view question');
INSERT INTO auth_permission VALUES(29,8,'add_answer','Can add answer');
INSERT INTO auth_permission VALUES(30,8,'change_answer','Can change answer');
INSERT INTO auth_permission VALUES(31,8,'delete_answer','Can delete answer');
INSERT INTO auth_permission VALUES(32,8,'view_answer','Can view answer');
INSERT INTO auth_permission VALUES(33,9,'add_gamesession','Can add game session');
INSERT INTO auth_permission VALUES(34,9,'change_gamesession','Can change game session');
INSERT INTO auth_permission VALUES(35,9,'delete_gamesession','Can delete game session');
INSERT INTO auth_permission VALUES(36,9,'view_gamesession','Can view game session');
CREATE TABLE IF NOT EXISTS "auth_group" ("id" integer NOT NULL PRIMARY KEY AUTOINCREMENT, "name" varchar(150) NOT NULL UNIQUE);
CREATE TABLE IF NOT EXISTS "auth_user" ("id" integer NOT NULL PRIMARY KEY AUTOINCREMENT, "password" varchar(128) NOT NULL, "last_login" datetime NULL, "is_superuser" bool NOT NULL, "username" varchar(150) NOT NULL UNIQUE, "last_name" varchar(150) NOT NULL, "email" varchar(254) NOT NULL, "is_staff" bool NOT NULL, "is_active" bool NOT NULL, "date_joined" datetime NOT NULL, "first_name" varchar(150) NOT NULL);
CREATE TABLE IF NOT EXISTS "millionaire_game_question" ("id" integer NOT NULL PRIMARY KEY AUTOINCREMENT, "text" text NOT NULL, "complexity" smallint NOT NULL);
INSERT INTO millionaire_game_question VALUES(1,'asd',6);
INSERT INTO millionaire_game_question VALUES(2,'jslkjglkdfs',6);
INSERT INTO millionaire_game_question VALUES(3,'sdfgksdfng',6);
INSERT INTO millionaire_game_question VALUES(4,'dsflkgndflksgn',6);
INSERT INTO millionaire_game_question VALUES(5,'kdflmgkldfng',6);
INSERT INTO millionaire_game_question VALUES(6,'nfdm,gnm,dfg',8);
INSERT INTO millionaire_game_question VALUES(7,'ndm,fgn,mfdg',7);
CREATE TABLE IF NOT EXISTS "millionaire_game_answer" ("id" integer NOT NULL PRIMARY KEY AUTOINCREMENT, "text" text NOT NULL, "is_correct" bool NOT NULL, "question_id" bigint NOT NULL REFERENCES "millionaire_game_question" ("id") DEFERRABLE INITIALLY DEFERRED);
INSERT INTO millionaire_game_answer VALUES(1,'dddd',1,1);
INSERT INTO millionaire_game_answer VALUES(2,'sfdfdsf',0,1);
INSERT INTO millionaire_game_answer VALUES(3,'sdfdsf',1,2);
INSERT INTO millionaire_game_answer VALUES(4,'dasdasd',0,2);
INSERT INTO millionaire_game_answer VALUES(5,'sdfdsf',1,3);
INSERT INTO millionaire_game_answer VALUES(6,'asldjlksajdlkasjlkd',0,3);
INSERT INTO millionaire_game_answer VALUES(7,'cxvcxv',1,4);
INSERT INTO millionaire_game_answer VALUES(8,'fghgfh',0,4);
INSERT INTO millionaire_game_answer VALUES(9,'hgjghj',1,5);
INSERT INTO millionaire_game_answer VALUES(10,'qweqwe',0,5);
INSERT INTO millionaire_game_answer VALUES(11,'zxczxc',1,6);
INSERT INTO millionaire_game_answer VALUES(12,'asdasd',0,6);
INSERT INTO millionaire_game_answer VALUES(13,'zxczxc',1,7);
INSERT INTO millionaire_game_answer VALUES(14,'dsfgdsg',0,7);
INSERT INTO millionaire_game_answer VALUES(15,'ythy',0,1);
INSERT INTO millionaire_game_answer VALUES(16,'asdasd',0,1);
INSERT INTO millionaire_game_answer VALUES(17,'ssdfsd',0,2);
INSERT INTO millionaire_game_answer VALUES(18,'xczxc',0,2);
INSERT INTO millionaire_game_answer VALUES(19,'qewqwe',0,3);
INSERT INTO millionaire_game_answer VALUES(20,'zxczc',0,3);
INSERT INTO millionaire_game_answer VALUES(21,'zxcz',0,4);
INSERT INTO millionaire_game_answer VALUES(22,'qeqw',0,4);
INSERT INTO millionaire_game_answer VALUES(23,'sdfsd',0,5);
INSERT INTO millionaire_game_answer VALUES(24,'ikuik',0,5);
CREATE TABLE IF NOT EXISTS "django_session" ("session_key" varchar(40) NOT NULL PRIMARY KEY, "session_data" text NOT NULL, "expire_date" datetime NOT NULL);
CREATE TABLE IF NOT EXISTS "millionaire_game_gamesession" ("id" integer NOT NULL PRIMARY KEY AUTOINCREMENT, "session" char(32) NOT NULL);
INSERT INTO millionaire_game_gamesession VALUES(1,'a7c682079c9543f2b8b9860bc2ac9f30');
INSERT INTO millionaire_game_gamesession VALUES(2,'7e6d86674f73413e84ac12aafc98779f');
INSERT INTO millionaire_game_gamesession VALUES(3,'e0c4186124bd450e93b2d47eda235570');
INSERT INTO millionaire_game_gamesession VALUES(4,'6d145b4c2f8840f388475db85fd3a229');
INSERT INTO millionaire_game_gamesession VALUES(5,'984acf6400d24f21aaa8c14a2ac2fe63');
INSERT INTO millionaire_game_gamesession VALUES(6,'bd8100d16d1d4e68912c9b81df0dc9d8');
INSERT INTO millionaire_game_gamesession VALUES(7,'c350305414a74e0f950cb76d7171589d');
INSERT INTO millionaire_game_gamesession VALUES(8,'69617990e9e2494e96bd5a1479c1532a');
INSERT INTO millionaire_game_gamesession VALUES(9,'7de7e5860b664a68b24352823abd7ec4');
INSERT INTO millionaire_game_gamesession VALUES(10,'701185589d2448c280b0b7a844c7e2cb');
INSERT INTO millionaire_game_gamesession VALUES(11,'4cd6f80a593a4dbf92db53a5fa8197c3');
INSERT INTO millionaire_game_gamesession VALUES(12,'7151ead10f744aba84d02188183e683f');
INSERT INTO millionaire_game_gamesession VALUES(13,'cbc6bfeb470b4546a21e8461a19657a7');
INSERT INTO millionaire_game_gamesession VALUES(14,'3fb053c998ae4a86b9b6910b72f26ad9');
INSERT INTO millionaire_game_gamesession VALUES(15,'7dfdd631f5cb42de9a44a9c50f6bab56');
INSERT INTO millionaire_game_gamesession VALUES(16,'a789e78011fe4c82a33f792040a57790');
INSERT INTO millionaire_game_gamesession VALUES(17,'59d04cc979ab4f15946a1b170dd5b1c5');
INSERT INTO millionaire_game_gamesession VALUES(18,'cc6e89cc9985408fa1b12a12c551d533');
INSERT INTO millionaire_game_gamesession VALUES(19,'980f2e6adb4243ee81f6e7ae796d826e');
INSERT INTO millionaire_game_gamesession VALUES(20,'d1d426c9d7e14191b3cdf2ea5556031e');
INSERT INTO millionaire_game_gamesession VALUES(21,'8fdaab64615d40638b0a1362a1e4c03f');
INSERT INTO millionaire_game_gamesession VALUES(22,'8553b47a2d614308918b8ab6da60a8ba');
INSERT INTO millionaire_game_gamesession VALUES(23,'a801791b8e2249e4b310a5d50b8dc897');
INSERT INTO millionaire_game_gamesession VALUES(24,'ee5f65a39caa48b689c412659c2fb887');
INSERT INTO millionaire_game_gamesession VALUES(25,'6f4f52734f2141c5aeffdcdbdb0c87a2');
INSERT INTO millionaire_game_gamesession VALUES(26,'df4d77731b0b45329898ebb7aa0b81eb');
INSERT INTO millionaire_game_gamesession VALUES(27,'56220875a45c4a48bcb31dbd94615a3f');
INSERT INTO millionaire_game_gamesession VALUES(28,'cd9138eb159b40c0bfc73dc4dc5545ad');
INSERT INTO millionaire_game_gamesession VALUES(29,'cebe2267dfa649c8876eeca0f26f4d39');
INSERT INTO millionaire_game_gamesession VALUES(30,'380fa6b657264f96af6be4db5fa391ad');
INSERT INTO millionaire_game_gamesession VALUES(31,'91a11cbb2d0b47e68ee8e4c3eb66fcd5');
INSERT INTO millionaire_game_gamesession VALUES(32,'0630ee2e7c12445197f73ab8949d66dd');
INSERT INTO millionaire_game_gamesession VALUES(33,'85e0f7f4eb68432bb1b85a5a6d744815');
INSERT INTO millionaire_game_gamesession VALUES(34,'dc23ee39902841258f9be6357ebfa1e2');
INSERT INTO millionaire_game_gamesession VALUES(35,'17be0eddce0e49f981b9c28f4a93dd80');
INSERT INTO millionaire_game_gamesession VALUES(36,'f5009d9ac2fb4bf3aec3e8bc90d2f432');
INSERT INTO millionaire_game_gamesession VALUES(37,'1223890c7f124e22aec3e3e2af8a9c10');
INSERT INTO millionaire_game_gamesession VALUES(38,'fd3ef5f590ae4621b64ab7cb9e715365');
INSERT INTO millionaire_game_gamesession VALUES(39,'263473f4c0184c3c8aa1708173da0f81');
INSERT INTO millionaire_game_gamesession VALUES(40,'f302feedbdac4e9eb5c98f250a20e33c');
INSERT INTO millionaire_game_gamesession VALUES(41,'763832f934b34a259eda8c95fdf239f9');
INSERT INTO millionaire_game_gamesession VALUES(42,'b4251f4c2e184cad983fa4ee6310b62f');
INSERT INTO millionaire_game_gamesession VALUES(43,'65043dd448024cbba0e8972f5e99742c');
INSERT INTO millionaire_game_gamesession VALUES(44,'7b32a3eaf63c41b9bd5f6219e78c8497');
INSERT INTO millionaire_game_gamesession VALUES(45,'7b03f66c44f24ebaacccf72926f73c0e');
INSERT INTO millionaire_game_gamesession VALUES(46,'aa374b28467f41d4a8aead0ae73ee563');
INSERT INTO millionaire_game_gamesession VALUES(47,'b6e6d8ef9a4e4fdcbe96bc279e120ffa');
INSERT INTO millionaire_game_gamesession VALUES(48,'7c0d04fa0a884cb189f1f35909fc93b9');
INSERT INTO millionaire_game_gamesession VALUES(49,'9ba811b40f564379bce69430d49aea17');
INSERT INTO millionaire_game_gamesession VALUES(50,'c7c06a5569964719985bbce2ce4690bd');
INSERT INTO millionaire_game_gamesession VALUES(51,'96ebff97f76249dcad2db48f54a4f253');
INSERT INTO millionaire_game_gamesession VALUES(52,'ccc199c0d4d8471a97f31cfea90ce568');
INSERT INTO millionaire_game_gamesession VALUES(53,'187cd4b04ecf479f88f0819879b6fb77');
INSERT INTO millionaire_game_gamesession VALUES(54,'270b84b9fad243f49398e8caf8706b08');
INSERT INTO millionaire_game_gamesession VALUES(55,'af2bfbd1f6814061a9a95246602771e9');
INSERT INTO millionaire_game_gamesession VALUES(56,'a3bf18573ce34f0894506d1a5df800c9');
CREATE TABLE IF NOT EXISTS "millionaire_game_gamesession_answers" ("id" integer NOT NULL PRIMARY KEY AUTOINCREMENT, "gamesession_id" bigint NOT NULL REFERENCES "millionaire_game_gamesession" ("id") DEFERRABLE INITIALLY DEFERRED, "answer_id" bigint NOT NULL REFERENCES "millionaire_game_answer" ("id") DEFERRABLE INITIALLY DEFERRED);
INSERT INTO millionaire_game_gamesession_answers VALUES(1,31,14);
INSERT INTO millionaire_game_gamesession_answers VALUES(2,31,16);
INSERT INTO millionaire_game_gamesession_answers VALUES(3,31,22);
INSERT INTO millionaire_game_gamesession_answers VALUES(4,31,12);
INSERT INTO millionaire_game_gamesession_answers VALUES(5,32,11);
INSERT INTO millionaire_game_gamesession_answers VALUES(6,32,10);
INSERT INTO millionaire_game_gamesession_answers VALUES(7,32,4);
INSERT INTO millionaire_game_gamesession_answers VALUES(8,32,14);
INSERT INTO millionaire_game_gamesession_answers VALUES(9,32,8);
INSERT INTO millionaire_game_gamesession_answers VALUES(10,33,19);
INSERT INTO millionaire_game_gamesession_answers VALUES(11,33,14);
INSERT INTO millionaire_game_gamesession_answers VALUES(12,33,12);
INSERT INTO millionaire_game_gamesession_answers VALUES(13,33,10);
INSERT INTO millionaire_game_gamesession_answers VALUES(14,33,2);
INSERT INTO millionaire_game_gamesession_answers VALUES(15,34,16);
INSERT INTO millionaire_game_gamesession_answers VALUES(16,34,21);
INSERT INTO millionaire_game_gamesession_answers VALUES(17,34,14);
INSERT INTO millionaire_game_gamesession_answers VALUES(18,34,12);
INSERT INTO millionaire_game_gamesession_answers VALUES(19,34,23);
INSERT INTO millionaire_game_gamesession_answers VALUES(20,35,21);
INSERT INTO millionaire_game_gamesession_answers VALUES(21,35,4);
INSERT INTO millionaire_game_gamesession_answers VALUES(22,35,14);
INSERT INTO millionaire_game_gamesession_answers VALUES(23,35,10);
INSERT INTO millionaire_game_gamesession_answers VALUES(24,35,12);
INSERT INTO millionaire_game_gamesession_answers VALUES(25,36,11);
INSERT INTO millionaire_game_gamesession_answers VALUES(26,36,14);
INSERT INTO millionaire_game_gamesession_answers VALUES(27,36,8);
INSERT INTO millionaire_game_gamesession_answers VALUES(28,36,17);
INSERT INTO millionaire_game_gamesession_answers VALUES(29,36,2);
INSERT INTO millionaire_game_gamesession_answers VALUES(30,37,14);
INSERT INTO millionaire_game_gamesession_answers VALUES(31,37,12);
INSERT INTO millionaire_game_gamesession_answers VALUES(32,37,10);
INSERT INTO millionaire_game_gamesession_answers VALUES(33,37,2);
INSERT INTO millionaire_game_gamesession_answers VALUES(34,37,4);
INSERT INTO millionaire_game_gamesession_answers VALUES(35,38,2);
INSERT INTO millionaire_game_gamesession_answers VALUES(36,38,12);
INSERT INTO millionaire_game_gamesession_answers VALUES(37,38,8);
INSERT INTO millionaire_game_gamesession_answers VALUES(38,38,14);
INSERT INTO millionaire_game_gamesession_answers VALUES(39,38,6);
INSERT INTO millionaire_game_gamesession_answers VALUES(40,39,10);
INSERT INTO millionaire_game_gamesession_answers VALUES(41,39,7);
INSERT INTO millionaire_game_gamesession_answers VALUES(42,39,4);
INSERT INTO millionaire_game_gamesession_answers VALUES(43,39,2);
INSERT INTO millionaire_game_gamesession_answers VALUES(44,39,6);
INSERT INTO millionaire_game_gamesession_answers VALUES(45,40,17);
INSERT INTO millionaire_game_gamesession_answers VALUES(46,40,21);
INSERT INTO millionaire_game_gamesession_answers VALUES(47,40,2);
INSERT INTO millionaire_game_gamesession_answers VALUES(48,40,12);
INSERT INTO millionaire_game_gamesession_answers VALUES(49,40,10);
INSERT INTO millionaire_game_gamesession_answers VALUES(50,41,23);
INSERT INTO millionaire_game_gamesession_answers VALUES(51,41,5);
INSERT INTO millionaire_game_gamesession_answers VALUES(52,41,14);
INSERT INTO millionaire_game_gamesession_answers VALUES(53,41,3);
INSERT INTO millionaire_game_gamesession_answers VALUES(54,41,1);
INSERT INTO millionaire_game_gamesession_answers VALUES(55,42,6);
INSERT INTO millionaire_game_gamesession_answers VALUES(56,42,14);
INSERT INTO millionaire_game_gamesession_answers VALUES(57,42,3);
INSERT INTO millionaire_game_gamesession_answers VALUES(58,42,8);
INSERT INTO millionaire_game_gamesession_answers VALUES(59,42,10);
INSERT INTO millionaire_game_gamesession_answers VALUES(60,43,12);
INSERT INTO millionaire_game_gamesession_answers VALUES(61,43,10);
INSERT INTO millionaire_game_gamesession_answers VALUES(62,43,4);
INSERT INTO millionaire_game_gamesession_answers VALUES(63,43,7);
INSERT INTO millionaire_game_gamesession_answers VALUES(64,43,6);
INSERT INTO millionaire_game_gamesession_answers VALUES(65,44,12);
INSERT INTO millionaire_game_gamesession_answers VALUES(66,44,2);
INSERT INTO millionaire_game_gamesession_answers VALUES(67,44,4);
INSERT INTO millionaire_game_gamesession_answers VALUES(68,44,19);
INSERT INTO millionaire_game_gamesession_answers VALUES(69,44,10);
INSERT INTO millionaire_game_gamesession_answers VALUES(70,45,13);
INSERT INTO millionaire_game_gamesession_answers VALUES(71,45,1);
INSERT INTO millionaire_game_gamesession_answers VALUES(72,45,3);
INSERT INTO millionaire_game_gamesession_answers VALUES(73,45,11);
INSERT INTO millionaire_game_gamesession_answers VALUES(74,45,10);
INSERT INTO millionaire_game_gamesession_answers VALUES(75,48,8);
INSERT INTO millionaire_game_gamesession_answers VALUES(76,48,12);
INSERT INTO millionaire_game_gamesession_answers VALUES(77,48,4);
INSERT INTO millionaire_game_gamesession_answers VALUES(78,48,10);
INSERT INTO millionaire_game_gamesession_answers VALUES(79,48,6);
INSERT INTO millionaire_game_gamesession_answers VALUES(80,50,12);
INSERT INTO millionaire_game_gamesession_answers VALUES(81,50,6);
INSERT INTO millionaire_game_gamesession_answers VALUES(82,50,4);
INSERT INTO millionaire_game_gamesession_answers VALUES(83,50,14);
INSERT INTO millionaire_game_gamesession_answers VALUES(84,50,2);
INSERT INTO millionaire_game_gamesession_answers VALUES(85,51,11);
INSERT INTO millionaire_game_gamesession_answers VALUES(86,51,13);
INSERT INTO millionaire_game_gamesession_answers VALUES(87,51,7);
INSERT INTO millionaire_game_gamesession_answers VALUES(88,51,5);
INSERT INTO millionaire_game_gamesession_answers VALUES(89,51,9);
INSERT INTO millionaire_game_gamesession_answers VALUES(90,52,8);
INSERT INTO millionaire_game_gamesession_answers VALUES(91,52,6);
INSERT INTO millionaire_game_gamesession_answers VALUES(92,52,10);
INSERT INTO millionaire_game_gamesession_answers VALUES(93,52,17);
INSERT INTO millionaire_game_gamesession_answers VALUES(94,52,14);
INSERT INTO millionaire_game_gamesession_answers VALUES(95,53,12);
INSERT INTO millionaire_game_gamesession_answers VALUES(96,53,14);
INSERT INTO millionaire_game_gamesession_answers VALUES(97,53,2);
INSERT INTO millionaire_game_gamesession_answers VALUES(98,53,8);
INSERT INTO millionaire_game_gamesession_answers VALUES(99,53,10);
INSERT INTO millionaire_game_gamesession_answers VALUES(100,54,10);
INSERT INTO millionaire_game_gamesession_answers VALUES(101,54,2);
INSERT INTO millionaire_game_gamesession_answers VALUES(102,54,14);
INSERT INTO millionaire_game_gamesession_answers VALUES(103,54,6);
INSERT INTO millionaire_game_gamesession_answers VALUES(104,54,4);
INSERT INTO millionaire_game_gamesession_answers VALUES(105,55,5);
INSERT INTO millionaire_game_gamesession_answers VALUES(106,55,1);
INSERT INTO millionaire_game_gamesession_answers VALUES(107,55,9);
INSERT INTO millionaire_game_gamesession_answers VALUES(108,55,3);
INSERT INTO millionaire_game_gamesession_answers VALUES(109,55,13);
INSERT INTO millionaire_game_gamesession_answers VALUES(110,56,11);
INSERT INTO millionaire_game_gamesession_answers VALUES(111,56,6);
INSERT INTO millionaire_game_gamesession_answers VALUES(112,56,13);
INSERT INTO millionaire_game_gamesession_answers VALUES(113,56,7);
INSERT INTO millionaire_game_gamesession_answers VALUES(114,56,4);
DELETE FROM sqlite_sequence;
INSERT INTO sqlite_sequence VALUES('django_migrations',20);
INSERT INTO sqlite_sequence VALUES('django_admin_log',0);
INSERT INTO sqlite_sequence VALUES('django_content_type',9);
INSERT INTO sqlite_sequence VALUES('auth_permission',36);
INSERT INTO sqlite_sequence VALUES('auth_group',0);
INSERT INTO sqlite_sequence VALUES('auth_user',0);
INSERT INTO sqlite_sequence VALUES('millionaire_game_question',7);
INSERT INTO sqlite_sequence VALUES('millionaire_game_answer',24);
INSERT INTO sqlite_sequence VALUES('millionaire_game_gamesession',56);
INSERT INTO sqlite_sequence VALUES('millionaire_game_gamesession_answers',114);
CREATE UNIQUE INDEX "auth_group_permissions_group_id_permission_id_0cd325b0_uniq" ON "auth_group_permissions" ("group_id", "permission_id");
CREATE INDEX "auth_group_permissions_group_id_b120cbf9" ON "auth_group_permissions" ("group_id");
CREATE INDEX "auth_group_permissions_permission_id_84c5c92e" ON "auth_group_permissions" ("permission_id");
CREATE UNIQUE INDEX "auth_user_groups_user_id_group_id_94350c0c_uniq" ON "auth_user_groups" ("user_id", "group_id");
CREATE INDEX "auth_user_groups_user_id_6a12ed8b" ON "auth_user_groups" ("user_id");
CREATE INDEX "auth_user_groups_group_id_97559544" ON "auth_user_groups" ("group_id");
CREATE UNIQUE INDEX "auth_user_user_permissions_user_id_permission_id_14a6b632_uniq" ON "auth_user_user_permissions" ("user_id", "permission_id");
CREATE INDEX "auth_user_user_permissions_user_id_a95ead1b" ON "auth_user_user_permissions" ("user_id");
CREATE INDEX "auth_user_user_permissions_permission_id_1fbb5f2c" ON "auth_user_user_permissions" ("permission_id");
CREATE INDEX "django_admin_log_content_type_id_c4bce8eb" ON "django_admin_log" ("content_type_id");
CREATE INDEX "django_admin_log_user_id_c564eba6" ON "django_admin_log" ("user_id");
CREATE UNIQUE INDEX "django_content_type_app_label_model_76bd3d3b_uniq" ON "django_content_type" ("app_label", "model");
CREATE UNIQUE INDEX "auth_permission_content_type_id_codename_01ab375a_uniq" ON "auth_permission" ("content_type_id", "codename");
CREATE INDEX "auth_permission_content_type_id_2f476e4b" ON "auth_permission" ("content_type_id");
CREATE INDEX "millionaire_game_answer_question_id_e4d446be" ON "millionaire_game_answer" ("question_id");
CREATE INDEX "django_session_expire_date_a5c62663" ON "django_session" ("expire_date");
CREATE UNIQUE INDEX "millionaire_game_gamesession_answers_gamesession_id_answer_id_fd1830bf_uniq" ON "millionaire_game_gamesession_answers" ("gamesession_id", "answer_id");
CREATE INDEX "millionaire_game_gamesession_answers_gamesession_id_b34a32d6" ON "millionaire_game_gamesession_answers" ("gamesession_id");
CREATE INDEX "millionaire_game_gamesession_answers_answer_id_ec531995" ON "millionaire_game_gamesession_answers" ("answer_id");
COMMIT;
